ID1,ID2,locX,locY,time,Interpolation
3433,3471,3654.79018246024,2033.68312232862,5,0
3433,3471,3655.4478717891,2033.98621866159,6,0
3433,3471,3655.69166423172,2034.28246162761,7,0
3433,3471,3655.80862333845,2034.21007719091,8,0
3433,3471,3656.06326121692,2034.40592952756,9,0
3433,3471,3656.09933662691,2034.47006037234,10,0
3235,3333,2721.32412631989,2906.55549001515,10,0
3433,3471,3656.108930726,2034.41761202581,11,0
3235,3333,2713.18788771635,2891.09878112657,11,0
3433,3471,3655.96742223712,2034.53096619156,12,0
3360,3457,3036.83044968572,2905.351109741,12,0
3433,3471,3656.17680204619,2034.65492111947,13,0
3360,3457,3016.07369284663,2891.65892036925,13,0
3433,3471,3655.09161792721,2033.85023240624,14,0
3360,3457,3014.48931412434,2900.56276979337,14,0
3235,3333,2744.01332664143,2921.79804779396,15,0
3360,3333,3022.35942150251,2891.48165364496,17,0
3265,3488,2184.4126334794,2243.78812083171,27,0
3433,3471,3770.70966095745,1911.65604738667,34,0
3433,3471,3770.67998425361,1911.79980163811,35,0
77,3492,3709.58064024003,1418.68612863762,35,0
3433,3471,3770.41183220471,1911.73993453795,36,0
3433,3471,3788.47743435949,1957.91103079568,38,0
3433,3471,3769.73818724863,1911.91528591014,41,0
3562,3310,2019.89448567629,2105.98121984038,43,0
3235,2783,2719.93914362515,2951.75171095695,43,0
18,3428,2372.71624392089,2461.86024860834,45,0
3433,3471,3772.59903150569,1910.5557187928,47,0
3265,3488,2115.43274858877,2040.33537873867,47,0
3433,3471,3773.22622948101,1910.29171850259,48,0
3433,3471,3773.20244745498,1909.80352669675,49,0
3433,3471,3761.04024539471,1903.60930769816,51,0
1,3428,2818.18681870205,2824.23908391337,52,0
3333,357,2399.72920448034,1797.74130247451,54,1
3457,357,2399.72920448034,1797.74130247451,54,1
3433,3328,3697.16811238455,1883.0204213552,55,0
3562,3310,2015.08393691649,2088.86685570077,57,0
3328,3430,3664.60777687227,1725.34596726851,61,0
3265,3492,2185.52988495002,2167.17360743101,66,0
3265,3492,2199.00969610091,2164.88854158614,67,0
3265,3492,2211.3897109708,2125.69295146168,69,0
3265,3492,2211.33766438085,2126.19587566404,70,0
3329,3488,2346.4853351572,2208.83937507564,70,1
3265,3492,2206.93219849645,2151.84293617076,71,0
3310,3237,2552.49799910808,2393.37586505905,73,0
3430,3310,3282.17043569345,2366.4860194224,76,0
2815,3360,3687.53913609159,2315.95136763889,87,0
2815,3360,3719.40998702422,2321.78609416471,88,0
2815,3360,3682.49047621708,2310.63230113584,89,0
3562,3457,2025.54167804667,2094.34197122691,94,0
3492,3360,3603.94262875673,1611.76385862152,100,0
3492,3360,3604.89276949995,1614.31787861655,101,0
3471,18,3231.03819622425,2155.92023524619,101,1
3492,3360,3604.79946940007,1613.14516020206,102,0
3328,3528,3327.67580360998,1890.3039797547,102,0
3492,3360,3606.10734731546,1612.70101022453,103,1
3268,3333,2906.20993444875,2251.30067088053,103,0
3268,3457,2906.20993444875,2251.30067088053,103,0
3492,3360,3603.04827142765,1613.25962907871,104,0
3268,3333,2906.89247934435,2238.39405453249,104,0
3268,3457,2906.89247934435,2238.39405453249,104,0
3492,3360,3605.12744915377,1612.59059675659,105,0
3471,18,3257.29147689075,2158.50226264914,105,0
3492,3360,3606.61652276851,1611.64052401193,106,0
3492,3360,3604.65810797296,1611.45349216559,107,0
3492,3360,3603.14541731347,1612.00862246536,108,0
3492,3360,3604.09840241492,1611.75025406504,109,0
2815,3328,3732.18726031206,2298.34466392844,110,0
2815,3328,3712.92410014655,2291.03177737041,111,0
3471,18,3284.17720001401,2140.32495513671,113,0
3265,3492,2962.07713304942,1582.96460518178,115,0
3265,3492,2961.25474730474,1583.31165408462,116,0
3268,3333,2919.90088256919,2215.58238210233,116,0
3265,3492,2961.2521649899,1584.0556429823,117,0
3265,3492,2960.6955852845,1584.51844306296,118,0
3433,2815,3329.26254597569,2570.81030312931,119,0
3265,3492,2960.63003455045,1585.09560161017,119,0
3265,3492,2960.90828288557,1583.84333568051,120,0
3268,3333,2921.42518167921,2215.15901149871,120,0
3265,3492,2960.66143638915,1584.52988296116,121,0
3268,3333,2921.66359953671,2213.87455419198,121,0
3265,3492,2960.67315127655,1585.01184248537,122,0
3268,3333,2916.69183887013,2218.93882534543,122,1
3265,3492,2960.64550820689,1585.26106484051,123,0
3265,3492,2961.91681175114,1586.86355392358,124,0
3265,3492,2962.07253992832,1586.94919157231,125,0
3265,3492,2961.98077821125,1587.35911461704,126,0
3433,3457,3321.78185067967,2609.64058554104,126,0
3433,3457,3322.84552638767,2608.97710585566,128,0
3433,3457,3322.66805864503,2608.43821096681,129,0
3433,3457,3324.78386884465,2606.80603105482,130,0
3433,3457,3324.7651442068,2607.04679141369,131,0
3433,3457,3322.97403407769,2609.91845466383,132,0
3433,3457,3322.2288111962,2609.11358784816,133,0
3562,3488,2108.1469577274,2296.56393679799,133,1
3433,2815,3335.80237397133,2558.25751096376,134,0
3433,2815,3334.87507492768,2558.46885297871,135,0
3433,3457,3320.98582499585,2609.69951753609,135,0
3562,3488,2115.39740799694,2293.98372762209,135,0
3562,3428,2115.39740799694,2293.98372762209,135,0
3265,2783,3089.02292234878,1927.5699490108,135,0
3433,2815,3328.52605805257,2562.88804913776,136,0
3433,3457,3320.90420589485,2610.07020062436,136,0
2815,3457,3288.95342504337,2571.05314926012,136,0
3562,3488,2117.39610396294,2293.75198494841,136,0
3265,2783,3089.95758018772,1930.60001716154,136,0
3433,2815,3329.54843275658,2576.82531938317,137,0
1,3310,3272.90189186696,2884.43648114476,137,0
3562,3488,2117.5840636047,2293.1346361285,137,0
3433,2815,3334.73712363616,2576.82971770827,138,0
3433,3457,3320.84810621768,2609.26615771502,138,0
3562,3488,2117.56857538144,2293.20979818178,138,0
3433,3457,3318.59815794083,2611.05072673558,139,0
3562,3488,2117.2566160413,2293.43293171293,139,0
3235,1,3579.76985607432,2718.04615289671,140,0
3433,3457,3318.07593583433,2615.57216690861,140,0
3310,3237,3347.74800919364,2803.45634131901,140,0
3562,3488,2118.40361615879,2293.80394618286,140,0
3433,3528,3356.03288786395,2582.35013674974,140,0
3457,3528,3317.03056671417,2588.36342910851,140,0
3265,2783,3088.22222802423,1926.68936437306,140,0
3562,3488,2118.55914155746,2293.93038930997,141,0
3265,2783,3088.83012265263,1927.05145899473,141,0
3265,3522,3028.69547349578,1922.69122977714,142,0
3562,3488,2118.85050269177,2294.01501597964,142,0
3265,2783,3088.10735034945,1926.42610019054,142,0
3562,3488,2119.08269783788,2294.18761838617,143,0
3265,2783,3088.11837715358,1925.91800894305,143,0
3562,3488,2119.87720070502,2294.37358296353,144,0
3433,3528,3360.91365909306,2581.90671052297,144,0
3265,2783,3088.39450945552,1926.69206729828,144,0
3562,3488,2128.20552226552,2295.27778476688,145,0
3265,2783,3088.33062501463,1926.63350004905,145,0
2815,3457,3287.75847931479,2578.09004655591,146,0
3562,3488,2126.75571367335,2293.68492740726,146,0
3265,2783,3088.85456184793,1926.74229105082,146,0
3562,3488,2124.99092054584,2293.16768778063,147,0
3265,2783,3088.46089885481,1926.52512745664,147,0
3562,3488,2125.18634156052,2293.53023661316,148,0
3265,2783,3088.99625949027,1926.86265172801,148,1
3235,3310,3368.1225028995,2764.46085719247,149,0
3235,3237,3365.08068647824,2816.22405252886,149,0
3562,3488,2126.37703677219,2287.46503989933,149,0
3235,3310,3362.65228050106,2758.16537681591,150,0
3235,3237,3359.88822154529,2812.71230476982,150,0
3562,3488,2127.99334298248,2287.82441501555,150,0
3265,2783,3090.26965259709,1928.73923206614,150,0
3433,2815,3326.43408332385,2607.4004096204,151,0
3235,3310,3363.00425377867,2758.59952918024,151,0
3562,3488,2127.56424766756,2288.09471394307,151,0
3265,2783,3090.58817383317,1930.978511162,151,0
3488,357,2175.11895844839,2244.94629435986,151,0
3433,2815,3318.54075241221,2613.06188145286,152,0
3235,3310,3362.3072511888,2759.08861552834,152,0
3562,3488,2121.75700166149,2284.47634694345,152,0
3265,2783,3090.35417784774,1930.59871707422,152,0
3488,357,2151.89253785404,2239.69180304552,152,0
3235,3310,3362.08994347513,2737.87291355339,153,0
3235,3237,3358.96429977334,2812.09130694111,153,0
3562,3488,2124.40902246995,2285.55395862747,153,0
3562,357,2121.37658403681,2256.82386465435,153,0
3488,357,2159.85344003757,2252.2360842998,153,0
3235,3310,3362.03350696002,2760.06947990702,154,0
3562,3488,2124.4573945088,2284.32719096447,154,0
3492,357,2140.96022343032,2175.62686036037,154,0
3562,357,2120.98811979187,2257.17630574281,154,0
3488,357,2159.32249510588,2251.53886930919,154,0
3235,3310,3358.85769160271,2752.13576648477,155,0
3562,3488,2119.51609662779,2281.09798103829,155,0
3562,357,2120.32135009878,2256.79579764196,155,0
3562,3488,2132.21616064986,2275.31231558336,156,0
3492,357,2139.3383395226,2170.17148713903,156,0
3562,357,2118.02374362806,2251.49335469805,156,0
3235,3310,3361.09200204575,2749.1553547579,157,0
3265,2783,3088.96001796502,1926.93907968119,157,0
3492,357,2138.67709470764,2169.84840878798,157,0
3235,3310,3362.18907025496,2752.70678672157,158,0
3265,2783,3089.09418332801,1926.91099160188,158,0
3492,357,2139.25157137734,2170.37545995816,158,0
3488,357,2175.7355900739,2238.13390024535,158,0
3235,3310,3362.75358120267,2754.63117279251,159,0
3235,3237,3424.39755282661,2751.45950419729,159,0
3265,2783,3089.17839584789,1926.94163570675,159,0
3492,357,2139.06134636983,2169.76105054749,159,0
3562,357,2117.37100552837,2252.45836869579,159,0
3488,357,2175.85204347596,2238.01482268267,159,0
3310,3237,3390.75393717263,2733.55483266535,160,0
3265,2783,3088.92945027584,1926.94235266628,160,0
3492,357,2139.82143328727,2167.92070644367,160,0
3562,357,2117.37492463372,2251.78080294375,160,0
3488,357,2175.34795929864,2237.18961478008,160,0
3235,3310,3360.90995757999,2760.05755122767,161,0
3235,3237,3365.03148955259,2818.07847025547,161,0
3265,2783,3089.06547281594,1926.67507090731,161,0
3265,2783,3089.15290404282,1927.90298940982,162,0
3488,357,2158.3415135135,2216.52925151363,162,0
3562,3488,2139.3837400936,2267.59655177755,164,0
3562,3488,2137.69147154366,2267.28578427555,165,0
3562,3488,2137.05854993357,2267.58794263794,166,0
3333,3237,3077.79449439493,2261.28863510919,167,0
3562,3488,2137.9282920079,2267.59868375411,167,0
3265,2783,3087.33352805091,1926.3146943039,167,0
3562,3488,2140.24770626149,2270.06178421625,168,0
3265,2783,3087.53763317378,1926.33100609219,168,0
3333,3237,3066.19909951302,2278.66658820485,169,0
3562,3488,2139.5446203708,2269.83500171927,169,0
3265,2783,3088.03026641021,1926.64061491892,169,0
3562,3488,2139.49974809861,2269.87860070522,170,0
3265,2783,3087.67157075717,1926.65515121263,170,0
3562,3488,2139.20158303667,2269.72014329901,171,0
3265,2783,3087.3405468597,1926.12976169289,171,0
3562,3488,2138.85498072491,2269.67632332992,172,0
3265,2783,3087.02547165859,1926.0186933825,172,0
3562,3488,2138.83513228113,2269.76510403849,173,0
3562,3488,2138.78222939202,2269.84729089785,174,0
3265,2783,3086.98305973817,1926.03014904841,174,0
3562,3488,2138.60582119903,2270.16164284368,175,0
3265,2783,3086.76859501859,1925.79844792436,175,0
3562,3488,2139.31997134915,2269.90384440906,176,0
3492,3457,2424.14527448782,2579.78575838829,177,0
3562,3488,2140.28160165001,2268.86485393865,177,0
3265,2783,3086.94150196646,1925.29504253759,177,0
3492,3457,2423.33244699846,2579.60925997632,178,0
3562,3488,2142.50998006248,2269.93967351822,178,0
18,3310,3329.61073514282,1896.43836414973,179,0
3492,3457,2424.21200891339,2578.68738648436,179,0
3562,3488,2144.14880802012,2270.85495927518,179,0
3471,3310,3513.04892172053,1912.86905134911,180,0
3492,3457,2423.29709550424,2578.79455829103,180,0
3265,2783,3087.0828016935,1925.40232843675,180,0
3492,3457,2423.17207366995,2578.59133774245,181,0
3492,3457,2422.51815429187,2578.91086177463,182,0
3265,2783,3087.31922534525,1925.35264238259,185,0
3265,2783,3087.05444320678,1925.04903965145,186,0
3265,2783,3086.96718143449,1925.1964157533,187,0
3265,2783,3086.83936764389,1924.97713540073,188,0
3265,2783,3087.1610008184,1925.12271322992,189,0
3522,3457,2474.30513017752,2579.99875604821,190,0
3265,2783,3087.01391100165,1925.14826346437,191,0
3265,2783,3086.95870693066,1925.21885092261,192,0
3265,2783,3087.23461510993,1925.29698589882,193,0
77,3467,3279.78326079468,1279.51144829198,194,0
3265,2783,3086.89798907074,1925.13043412743,194,0
3265,2783,3086.80845679168,1924.93254803448,195,0
3310,3488,2195.13449597663,2222.56006116159,196,0
3265,2783,3087.06415552816,1925.07064520459,196,0
3329,3237,2572.61550902132,2110.79146736129,197,0
3310,3488,2193.60069981116,2221.38760970435,197,0
3265,2783,3087.36237689593,1925.66939412,197,0
3329,3237,2579.36692130292,2116.11954688528,198,0
3265,2783,3086.88786019281,1924.40501612072,198,0
3265,2783,3086.73758127016,1924.45322480527,199,0
3235,3467,3656.77173516144,2383.64006331906,200,0
3265,2783,3087.24143952486,1925.22373446843,200,0
3265,2783,3086.73947837292,1924.39994033609,201,0
3265,2783,3087.28134981196,1925.02233548711,202,0
3265,2783,3087.15347345636,1924.92285650266,203,0
3310,3237,2409.37195478089,2361.09858605914,204,0
3265,2783,3087.20730186512,1925.09338185467,204,0
3310,3237,2408.93358106449,2360.81274630945,205,0
3265,2783,3087.32893523645,1925.23835114949,205,0
3310,3237,2408.6767028116,2361.21437562539,206,0
3265,2783,3087.04884405084,1925.54389672344,206,0
3492,3562,2365.7167442148,2624.08972936941,207,0
3310,3237,2408.05752029257,2361.12689141217,207,0
3492,3562,2365.46421065573,2623.31916434836,208,0
3310,3237,2408.03832658706,2361.06161626416,208,0
3492,3562,2363.68644115093,2620.46131928615,209,0
2815,3333,3239.81568316373,2522.32192160624,209,0
3310,3237,2407.60201056812,2361.2299995198,209,0
3492,3562,2362.99235221983,2622.38222614333,210,0
3310,3237,2407.3691907371,2361.26397838198,210,0
3492,3562,2362.65833340996,2623.96651824926,211,0
3310,3237,2407.0164541227,2360.71796570998,211,0
3492,3562,2362.97178716661,2623.71161267706,212,0
3310,3237,2407.93316890491,2348.3194162382,212,0
3492,3562,2364.45742598042,2620.12555091751,213,0
3310,3237,2407.95278954632,2348.17991718388,213,0
3235,2815,3624.3258282288,2409.68673435089,214,0
3310,3237,2408.05141203774,2348.44658140059,214,0
3433,3328,3809.40195015392,2002.0582848751,215,0
3433,3430,3870.53139181116,1980.76986955866,215,0
3310,3237,2408.03797090058,2348.50029844978,215,0
3310,3237,2408.29016763357,2348.00675256797,216,0
3310,3488,2358.99591989426,2326.96290957508,216,0
18,3329,3267.51337140305,1996.20069883081,217,0
3310,3237,2408.25526886939,2348.07500745849,217,1
3310,3488,2361.81478672285,2330.43242250116,217,0
3237,3488,2375.78617710153,2376.37936791645,217,1
3310,3237,2408.12665691066,2348.53384487659,218,0
3310,3488,2359.39476821502,2328.12952150535,218,0
3310,3237,2408.26796172596,2348.6455154668,219,0
3310,3488,2356.71476677203,2323.84623200025,219,0
3310,3237,2407.92283320785,2348.58166350752,220,0
3310,3488,2358.60648924012,2326.08058922855,220,0
3562,3522,2540.62872967025,2747.8118354893,221,0
3562,3522,2542.89958489325,2749.92844172097,222,0
3562,3522,2543.56117344134,2751.42527475203,223,0
3562,3522,2544.01442349465,2753.31709767037,224,0
3237,3488,2314.77394891427,2354.11904647481,225,0
3488,3428,2233.45460145026,2347.64600777397,243,0
3328,3457,3635.41705711123,1494.51038087894,244,1
3433,3328,3551.6164633798,1573.62103594588,245,0
3433,3328,3521.45238038301,1592.14939380518,246,0
3430,3329,3883.73652069892,2079.70948815378,246,0
18,3310,3814.75740158387,2268.54818835926,247,0
3430,3329,3889.23529213288,2075.64383199435,247,0
3433,3328,3581.53397034948,1613.99552992647,250,0
3433,3328,3548.6082680975,1581.58916836275,251,0
3433,3328,3540.98389050569,1572.91417895143,252,0
3433,3328,3498.4304367376,1586.92650183326,253,0
3492,2783,3819.28549489324,1733.9583146427,253,0
3492,2783,3818.40507628171,1731.34477784388,254,0
3471,3430,3434.02554311096,2619.61044440007,258,0
3471,3430,3434.76904382885,2622.84613207249,259,0
3328,3522,3227.86855003539,1669.63694170822,260,0
3471,3430,3434.99037021638,2624.87073468037,260,0
3328,3522,3228.76151489046,1669.81997989935,261,0
3471,3430,3426.49784497425,2627.75198546257,262,0
3328,3522,3229.23976335803,1669.41607293051,263,0
3437,3492,2599.07458946369,1311.127045531,265,0
18,2783,3888.25736722993,2010.53821641369,265,0
3437,3492,2597.90685579415,1311.37683844497,266,0
18,2783,3852.11894715375,2000.49318612281,266,0
3437,3492,2598.60424722897,1311.04463003243,267,0
3437,3492,2598.61863580921,1310.65610321229,268,1
3437,3492,2598.53729626668,1310.57044121312,269,0
3328,3522,3275.67574794518,1670.99015023721,269,0
3437,3492,2598.60855886987,1310.50215994274,270,0
18,2783,3887.38998634827,2009.53294569969,270,0
3437,3492,2598.49736611072,1310.57879133842,271,0
18,2783,3869.65993920418,2026.30127286898,271,0
3437,3492,2598.55569220003,1310.24362077337,272,0
3328,3522,3305.14914357603,1693.03309078877,272,0
18,2783,3829.47582686658,2021.93597999355,273,0
18,2783,3812.16540681459,2023.55080016968,274,0
18,2783,3813.19379996086,2036.13224814128,275,0
18,2783,3803.94259348899,2040.90552483568,277,0
3310,3237,2144.92920329069,2065.32000147898,279,0
18,2783,3795.35743749892,2067.80811328648,279,0
3310,3237,2140.94368773484,2066.25076245778,280,0
3237,3488,2130.79740777743,2120.45333263695,280,0
18,2783,3799.79552502667,2070.53485245225,280,0
18,2783,3802.10883286537,2076.14342061,281,0
3433,3462,3600.34666702498,1741.24636892789,282,0
18,2783,3801.49820292239,2076.24214019408,282,0
3433,3462,3596.0719275461,1704.38273003203,283,0
18,2783,3800.3304607193,2081.31246235765,283,0
3433,3462,3598.61494935533,1708.86300538447,284,0
18,2783,3796.96230752526,2076.68997937598,284,0
18,2783,3797.26094376234,2076.81307321147,285,0
3237,357,2367.8780000079,2142.80671347696,285,0
18,2783,3803.01506069332,2078.36121535723,286,0
3237,357,2366.77116512273,2142.48147851078,286,0
3433,3462,3592.04003289792,1714.10671373078,287,0
18,2783,3821.13575515851,2077.02204160771,287,0
3237,357,2367.05860272241,2142.59424029304,287,0
3433,3462,3590.950528674,1713.37289118451,288,0
3237,357,2366.38834053848,2142.31761483219,288,0
3237,357,2361.43506691753,2141.50107933582,289,0
77,3462,3722.99197108483,1538.94074322587,290,0
18,2783,3869.72597125589,2089.4973232373,290,0
18,3522,3802.91224897118,2060.364078176,291,0
18,3522,3801.9178278335,2082.2274406692,292,0
2815,3237,3715.26483040789,2203.70593765462,297,0
18,2783,3876.9025478473,2093.9924810019,297,0
2815,3237,3715.56710498002,2203.21561172497,298,0
3471,3430,3660.48290051548,2308.84413697394,303,0
18,2783,3863.8839813601,2075.77520349513,306,1
18,2783,3870.92494864939,2075.5730528766,307,0
18,2783,3873.71538428071,2078.47749396926,308,0
18,2783,3872.03845786055,2078.81697971975,309,0
18,2783,3863.49926106015,2082.63211209106,310,0
18,2783,3869.15374635859,2090.33717562034,311,0
3471,3265,3719.72947590214,2349.79731530583,313,0
77,3329,3522.23431866015,1338.68620448473,314,1
18,2783,3848.38939458007,2057.87695465104,314,0
18,2783,3869.60277133023,2062.24182127317,315,1
18,2783,3859.60475869406,2059.07941764814,316,0
3235,3528,3478.92782419755,2702.9135809864,317,0
18,2783,3865.8346524028,2033.56065789911,317,0
3360,3333,3350.16870662155,2479.08408818784,319,1
3433,3528,3795.03837523859,1752.56611727837,324,0
3562,3237,2725.74614198489,1831.46896052649,325,0
3433,3437,3809.43442260573,1715.20389349376,327,0
3235,2815,3492.00617980795,2649.67305306065,331,0
2815,3310,3481.58950967842,2720.36009826316,331,0
3235,3428,3443.61949463553,2575.86069956977,331,0
3235,2815,3569.68470383585,2687.31878306606,332,0
3433,77,3805.10421420721,1672.87495185199,334,0
2815,3492,3392.52440400686,2727.2430373963,335,0
3433,18,3801.37130126464,1726.92008409125,335,0
3235,2783,3549.54973981042,2564.40234854626,338,0
3562,3457,2636.42539859536,1739.93780460445,340,0
3433,3310,3723.52284420869,1648.25322281167,343,0
3492,3522,3554.69772154331,2110.08838669065,347,0
3492,3522,3553.80749761803,2110.89687579088,348,0
3492,3522,3553.49822090429,2110.70978893206,349,0
3522,3333,3611.56469586077,2035.04975011068,350,0
3430,2783,3359.23739496763,2467.64359469285,351,0
3430,2783,3363.70171072239,2466.25657828828,352,0
3333,3528,3593.55127919436,2021.58114141339,353,0
3430,2783,3360.26899607961,2466.06167221556,353,0
3430,2783,3359.05021108244,2466.26196091354,354,0
3430,2783,3358.82309799263,2466.23249455982,355,0
3430,2783,3358.35019157975,2465.93950436672,356,0
3430,2783,3357.69487417536,2465.94863341181,357,0
3488,357,2243.75883093151,2543.67234918579,357,1
3430,2783,3357.61029427594,2466.07089321849,358,0
3235,3528,3588.6598655418,2558.72181734793,359,0
2815,3528,3403.53858622054,2709.94887522108,360,0
3265,3237,2932.33362181913,2222.60838630258,361,0
2815,3528,3385.59063638693,2776.25061264802,361,0
3265,3237,2932.21457100107,2223.90608373853,362,0
3430,2783,3356.91115146008,2465.532725345,362,1
3265,3237,2932.58718770751,2223.59512645285,363,0
3430,2783,3357.61944612242,2465.76960708695,363,0
3471,3235,3559.48680775498,2469.28965569954,364,0
3265,3237,2933.70870089134,2225.89117657019,364,0
3471,3235,3559.60738698741,2468.93793162745,365,0
3265,3237,2935.03845497838,2225.02863721674,365,0
3430,2783,3356.35334207219,2465.27370527506,365,0
3265,3237,2935.54716406629,2225.20442825734,366,0
3265,3237,2936.77006340058,2226.09144417461,367,0
3492,3488,2268.41719994338,2410.51263846414,367,0
3430,2783,3357.95406125412,2464.08675722996,367,0
3492,3522,2297.99434033976,2497.00578099272,368,0
3492,3488,2267.75646411,2412.73909240873,368,0
3492,3488,2267.46594220809,2411.10977253794,369,0
3430,2783,3356.10211389811,2463.22990822513,369,0
3471,3235,3551.2744934051,2466.19654206203,370,0
3492,3488,2267.70754511313,2412.46833113354,370,0
3265,3237,2935.68735924156,2224.42870760121,371,0
3492,3488,2267.70346267525,2414.09736308645,371,0
3328,3310,2520.8676978678,1312.61025318306,372,0
3492,3488,2266.62786825197,2413.36828978379,372,0
3265,3237,2937.13941785741,2224.60581009062,374,0
3265,3237,2938.07450449175,2224.76714763978,375,0
3430,3310,3351.81707597714,2428.92330695766,377,0
3430,2783,3364.12149025569,2464.79328995755,377,0
3430,3310,3357.47952020254,2432.15588392776,378,0
3430,2783,3365.75958841514,2465.88433564642,378,0
3310,2783,3328.50009269509,2459.4234296678,378,0
77,3328,3655.64235703072,1424.75176579138,379,0
3360,3333,3631.92458856694,2159.26058926205,381,0
3360,3333,3627.4766861096,2161.77576829277,387,0
3360,3333,3617.75673539009,2165.07269823759,388,0
3360,3467,3659.25610613633,2228.80613316172,388,0
3437,3237,2886.31957110821,1258.27878752992,392,0
3437,3237,2885.7087436743,1258.67596108662,393,0
3471,3467,3670.05359082496,2376.58235558871,393,0
3437,3237,2885.42948577987,1258.72858075827,394,0
3328,3268,3494.31574459562,1397.53747718827,396,0
3360,3268,3473.60295452784,1397.16296777983,397,0
3265,3492,2570.03367148219,1392.70193025704,400,0
3328,3268,3467.14995929743,1440.56782619158,400,1
3457,3467,3711.87600688224,2578.47695442134,400,0
3237,2783,2746.08778642984,1359.37285652745,400,0
3265,3492,2570.90750008223,1392.63871283069,401,0
3265,3492,2570.42973232864,1393.0718869317,402,0
3237,3528,2865.57296450194,1327.74078690627,402,0
3265,3492,2570.21733361236,1393.10087143572,403,0
3265,3492,2570.25370915957,1393.57680552466,404,0
3328,3268,3448.10761240953,1430.03110574756,404,0
3265,3492,2569.41853222146,1394.92839607008,405,0
3265,3492,2569.63959199163,1395.0474265093,406,0
3328,3268,3480.32759670591,1429.00563577525,407,1
3328,3268,3475.52439917643,1424.2862728153,408,1
3265,3237,2549.63896191885,1299.1216190933,409,0
3471,3457,3646.02466278119,2408.86697663422,416,0
3430,3528,3308.50428338253,2804.22711212722,418,0
3430,3528,3316.65524004757,2811.46912325887,419,0
3462,3310,2077.70600323877,1949.62352092361,421,0
3265,3237,2838.75388802768,1877.01613040802,421,0
2815,3528,3176.65186374186,2924.60356496793,421,0
3462,3310,2079.44115118551,1949.2048703439,424,0
3462,3310,2079.03736420193,1946.89282004571,425,0
3430,3237,3312.73469658065,2800.11029388745,425,0
3433,3265,3043.5303244095,1815.54523917386,426,0
3467,3488,2137.12829429425,2268.76651130373,429,0
3462,3310,2077.89881803011,1965.08020415932,430,0
3310,3488,2156.68699225713,2000.73546390634,430,1
3430,3237,3324.04770132211,2787.41762529895,431,0
3310,3488,2178.66763236477,1953.22198287619,431,0
77,3268,3536.52464371071,1787.78688616405,432,1
3265,3522,2459.54880790531,2055.83139090464,436,0
3333,3528,3238.95970540201,1101.08723132267,436,0
3333,3528,3212.12680259377,1076.31598040553,437,0
3360,18,3488.57642011328,2486.03493852842,438,0
3235,3430,3418.80090002153,2710.55966324578,438,1
3437,3310,2248.9726169429,1590.04016156387,441,0
3488,3528,1986.26557357167,1928.87715384251,442,1
3235,3430,3461.94637683973,2713.19694623832,444,0
3360,18,3477.22802236401,2490.35918891891,446,0
3265,3428,2571.93139232573,1828.61400277344,447,0
3265,3428,2570.31112236779,1830.10926387476,448,0
3265,3528,2506.44893102466,1848.16603470064,448,0
3437,3329,2514.46263894786,1570.99650894434,449,0
3437,3333,2514.46263894786,1570.99650894434,449,0
3265,3528,2517.80622427849,1837.94094177296,449,0
3437,3329,2517.07844101695,1578.68870443417,453,0
3437,3333,2517.07844101695,1578.68870443417,453,0
3360,18,3477.3807425952,2494.08938768321,454,0
3437,3329,2509.09808384451,1586.43140780605,454,0
3437,3333,2509.09808384451,1586.43140780605,454,0
3360,18,3477.35377660184,2501.9966833086,455,0
3360,18,3477.7265023028,2499.29647821017,456,0
3360,18,3476.90233041975,2504.94253415287,457,0
3310,3528,2608.20440455021,1255.71736247202,457,1
3360,18,3476.66901563927,2499.7773443896,458,0
3237,3488,2005.95322437816,2076.14422895392,464,0
3360,18,3477.78803006873,2513.65629010443,467,0
3310,3528,2597.84962372073,1269.44545676901,467,0
3360,18,3476.03317001908,2515.78292238312,468,1
3310,3528,2596.9970896546,1269.47976067698,468,0
3360,18,3471.05120348742,2519.27269322753,469,1
3360,18,3470.91354014774,2518.70840298171,471,0
3433,3328,3333.88639391761,1654.39607799151,473,0
3433,3328,3333.33684855325,1654.11951596575,474,0
3360,18,3465.75398372354,2523.780731134,474,0
3433,3328,3333.49778807202,1654.57363125037,475,0
3235,3430,3341.155660984,2670.38997689777,475,0
3433,3328,3332.99572723768,1656.13421655424,476,0
3310,3428,2820.22827425495,1309.9032310155,476,0
3433,3328,3332.46558986954,1657.29831692244,477,0
3310,3428,2821.99678518715,1308.7596386281,477,0
3433,3328,3332.75377763116,1656.64485148955,478,0
3310,3428,2822.36877992205,1308.29721904892,478,0
3433,3328,3332.51968332986,1657.34181402133,479,0
3235,3430,3330.62099303207,2665.44530557411,479,0
3310,3428,2822.1823853257,1307.56732960756,479,0
3433,3328,3332.42543511818,1654.61078928002,480,0
3235,3430,3329.36199694967,2660.81728777937,480,0
3433,3328,3332.18371951525,1654.86102829999,481,0
3235,3430,3314.42293579357,2665.02313238069,481,0
3433,3328,3332.06405570941,1654.82442350266,482,0
3235,3430,3316.23212492889,2664.66196990044,482,0
3433,3328,3332.04710583804,1654.82621192431,483,0
3235,3430,3325.39289496858,2676.78257769508,483,0
3433,3328,3332.19848690336,1655.94562316078,484,0
3235,3430,3320.7667769814,2672.9672251494,484,0
3433,3328,3331.93313437128,1655.556695096,485,0
3235,3430,3322.1657820391,2668.03080754036,485,0
3310,3237,3025.75615208357,1127.52768013512,485,0
3433,3328,3331.44400638147,1656.30860719793,486,0
3235,3430,3317.9192673515,2666.87992963084,486,0
3433,3428,3371.79618030145,1663.68876275315,486,0
3328,3428,3367.18053846749,1628.37922804584,486,0
3433,3328,3331.54287504478,1655.88338350639,487,0
3235,18,3369.93948578999,2616.23892560221,487,0
3235,3430,3323.17317607518,2673.2891387047,487,0
3310,3237,3025.99442248347,1124.75218733719,487,0
3433,3328,3332.52765738419,1656.60965449133,488,0
3235,18,3352.49391308824,2593.96454511478,488,0
3235,3430,3312.44635061873,2671.69435186705,488,0
3310,3237,3025.71701350934,1125.70111177769,488,0
3265,18,3377.75916521921,2481.52230870669,489,0
3310,3237,3025.58023041591,1125.4834918352,489,0
3265,18,3373.13459193544,2488.60472036762,490,0
3265,18,3377.97346500926,2459.60786736606,491,0
3310,3237,3025.36081672866,1124.73715198601,492,0
3310,3237,3025.87241069222,1123.44086386657,494,1
3310,3237,3025.75073778996,1138.08091278668,499,0
3328,3428,3431.24937711329,1536.52929668192,499,1
3310,3237,3024.78995425767,1137.88369889409,500,0
3328,3428,3436.58760531574,1523.61600731691,501,0
3328,3428,3453.60760813095,1508.76289058179,502,0
3433,18,3210.23445491382,2254.74084419543,503,0
3310,3237,3024.29027138062,1134.76685551226,503,0
3310,3237,3024.16401255848,1132.72119819976,504,0
3433,18,3214.45471401001,2256.41951406819,505,0
3310,3237,3024.66818679458,1134.8508034579,505,0
3433,18,3214.04617705329,2257.52201214032,506,0
3333,3457,3708.66300550907,1469.9005192257,506,0
3310,3237,3025.30680933055,1134.84453989071,506,0
3235,2815,3362.30694777754,2675.88873298813,507,0
3433,18,3209.11852811519,2259.65995885436,507,0
3310,3237,3024.94502661783,1134.21667100862,507,0
3467,3488,2195.43844420444,2488.46281919715,507,0
3265,3562,2874.31779777053,1515.67666008481,508,0
3310,3237,3024.90786021641,1134.44231966132,508,0
3467,3488,2194.38306853748,2488.72678892372,508,0
3360,18,3316.76195843546,2315.64152405761,509,0
3310,3237,3025.01295066543,1134.34605592117,509,0
3310,3237,3024.95994757025,1134.00773569271,510,0
3310,3237,3024.52484575147,1133.69722516769,511,0
3310,3237,3024.68673177036,1133.5141640731,512,0
3310,3237,3025.21614180139,1134.34311221966,513,1
3310,3237,3025.895913931,1133.63215436835,514,1
3360,3333,3420.10686345767,1305.18486749301,515,0
77,3310,3888.9108828003,1818.82031439117,525,0
77,3333,3888.9108828003,1818.82031439117,525,0
3562,3428,2976.04550396478,1344.75698604835,526,0
3562,3428,2975.71162721927,1343.34924714166,527,0
3562,3428,2975.42126093735,1343.42864022664,528,0
3237,3528,2709.87944625538,1312.98961924198,528,0
3562,3428,2975.18498057888,1342.85103885191,529,0
3562,3428,2974.69471742069,1343.16450408061,530,0
3430,3310,3423.09228921552,2730.06519326002,531,1
3235,3430,3359.75936402083,2677.53590838822,532,0
3235,3310,3385.64302032823,2645.91031624207,532,0
3430,3310,3402.12776132553,2693.57192630553,532,0
3235,3430,3359.25465464263,2677.28528263069,533,0
3235,3430,3359.22120782608,2677.33275050976,534,0
3235,3430,3359.14233415725,2677.17366383804,535,0
3235,3430,3359.12458544762,2677.05190938557,536,0
2815,18,3522.08612060445,2442.5900569973,537,0
3235,3430,3359.66696158668,2676.908235147,537,0
3235,3430,3359.92791298232,2676.64205532342,538,0
3310,3488,2378.3202528144,2619.38985716307,539,0
3310,3457,2466.91043295683,2612.34418714038,541,0
3310,3488,2404.40031114816,2624.11160419192,541,0
2815,18,3531.03278679224,2466.19218602243,542,1
3310,3457,2476.59272445351,2629.83718559723,542,0
3310,3488,2404.13139436935,2622.66409335173,542,0
3310,3488,2403.83923148783,2621.73431804533,543,0
3433,3471,3276.09368038922,2036.1594792919,544,0
3310,3488,2380.05506763983,2635.3250139566,545,0
3471,3360,3309.52742721312,2009.92970174807,546,0
3310,3488,2381.90847073131,2635.31661473911,546,0
3237,3488,2378.10131632497,2555.34831104091,546,0
3328,3467,3461.33865485793,1364.48675462122,547,0
3333,3467,3510.22730931473,1322.66817169738,547,0
3310,3488,2382.07083437913,2635.66719658972,547,0
3237,3488,2377.85451708075,2556.12042643994,547,0
2815,18,3497.31734094932,2469.44220329409,548,0
3265,3237,2373.54107741986,2411.51084200853,548,0
3310,3488,2379.8967562615,2632.67746398459,548,0
3310,3488,2412.07609803338,2604.94781724646,550,0
2815,18,3497.44748654819,2471.51163131551,551,0
3360,18,3473.66992693415,2413.20114160145,551,0
3310,3488,2413.6227382659,2603.22398134512,551,0
3310,3488,2413.66408960747,2603.47098019176,552,0
2815,18,3489.85939102759,2460.35241050633,553,0
3310,3488,2413.75779203126,2603.50720833086,553,0
2815,18,3494.60413611701,2461.27331083362,554,0
3310,3488,2414.0130676667,2602.84770686983,554,0
3310,3488,2414.13745395637,2603.20768065082,555,0
3265,3310,2441.91157345263,2581.75087588713,556,0
3265,3488,2405.1045556818,2566.85135615249,556,0
3310,3488,2413.14131280001,2603.32696916113,556,0
2815,18,3487.33923964132,2467.43237311694,557,0
3265,3310,2442.50682997212,2581.46756371796,557,0
3265,3488,2405.02932758609,2567.0659794665,557,0
3310,3488,2413.45945053941,2603.50512678782,557,0
3310,3488,2413.72127072879,2603.57351060827,558,0
3333,3488,2413.72127072879,2603.57351060827,558,0
2815,18,3490.75018202497,2466.6835217533,559,0
3310,3488,2413.65603406562,2603.58162545298,559,0
3310,3488,2413.91786167783,2603.69850244475,560,0
2815,18,3491.01796421385,2464.52199768291,561,0
3310,3488,2414.36156217271,2603.5023593357,561,0
2815,18,3490.38079581638,2466.145904869,562,0
3310,3488,2414.27819915108,2603.44475267545,562,0
3310,3488,2414.58229919298,2603.16370613747,563,0
2815,18,3491.80176195839,2467.31129214346,564,0
3265,3310,2436.50824403135,2580.92167315634,564,0
3265,3488,2397.9860250368,2566.7760873385,564,0
3310,3488,2414.32887321464,2603.50329717132,564,0
2815,18,3490.47194763258,2467.61844218081,565,0
3265,3310,2437.09041880636,2580.91185334496,565,0
3265,3488,2398.06398972294,2566.92778976244,565,0
3310,3488,2414.88370386038,2603.44564074539,565,0
2815,18,3491.49442800417,2467.0708435291,566,0
3265,3310,2437.04631041124,2580.59095783673,566,0
3333,3457,3594.47331094266,1354.58956711791,566,0
3265,3488,2398.18995666218,2566.32102395394,566,0
3310,3488,2415.03167027456,2603.25015254447,566,0
3437,3237,2808.24715637911,1309.07478054947,567,0
3310,3488,2415.18519472201,2603.11897606508,567,0
3310,3488,2414.81106745176,2603.48650321766,568,0
3471,3333,3276.30292192222,1932.08067942979,569,0
3310,3488,2415.0208041811,2603.05766484955,569,0
2815,18,3489.27240535547,2474.17637451541,570,0
77,3268,3657.93304416339,2217.67006283454,570,1
3310,3488,2414.8142583927,2603.35227224823,570,0
2815,18,3486.43065760803,2472.44737294378,571,1
3310,3488,2415.10648746267,2603.3883448234,571,0
2815,18,3484.42451682869,2474.55297267556,572,0
3310,3488,2415.0387389321,2603.32856600887,572,0
3310,3488,2414.9455691999,2603.33841336842,573,0
3310,3488,2415.28392586364,2603.09453271703,574,0
2815,18,3495.98817141354,2468.21932103236,575,0
3310,3488,2415.23010462883,2603.07891329013,575,0
2815,18,3487.5306548231,2467.09870676787,576,0
3310,3488,2415.26706858066,2603.33367304539,576,0
2815,18,3483.66869930727,2465.27189410424,577,0
3310,3488,2414.63119410587,2603.79124102286,577,0
2815,18,3488.16237306258,2468.19462531258,578,0
3310,3488,2414.88886206252,2603.22660315675,578,0
3310,3488,2414.70586222665,2603.58455443719,579,0
3437,3333,3482.28110302605,1831.4978716204,580,0
3310,3488,2414.56401700165,2603.66020178615,580,0
3310,3488,2414.57266316038,2603.9029668279,581,0
3268,3237,3840.54443189679,2220.14625009936,582,0
3310,3488,2414.40752130353,2603.67334393071,582,0
3268,3237,3856.67361208747,2237.00520895472,583,0
3310,3488,2414.5543677716,2602.34619552199,583,0
3268,3237,3861.22017234391,2222.76829820968,584,0
3310,3488,2414.16704410724,2598.84148760906,584,0
3310,3488,2419.69681390604,2592.68248969072,586,0
3433,2783,3552.26138723526,2200.03867018333,586,0
3310,3488,2420.49312125518,2590.92434428526,587,0
3310,3488,2419.72315106979,2591.97495345469,588,0
3310,3488,2419.8971009616,2592.36866881001,589,0
3310,3488,2420.56132166482,2592.09138908483,590,0
3310,3488,2420.64705386349,2591.77921465137,591,0
3433,2783,3582.45573458015,2223.83631740551,591,0
3360,18,3482.66618286821,2424.37223722448,592,0
3310,3488,2420.14255772975,2592.28495321411,592,0
3310,3488,2419.99917255075,2592.25348028355,593,0
3310,3488,2420.3126697745,2591.86878882893,594,0
3237,2783,3849.89501075282,2138.9089318973,594,0
3310,3488,2420.85304785484,2591.96243613767,595,0
3310,3488,2420.85861132977,2591.75935874699,596,0
3310,3488,2421.17229959617,2591.62737626473,597,0
3310,3488,2421.12858761155,2591.65694139473,598,0
3428,3528,2867.16988962462,1506.32754702615,598,1
3310,3488,2421.20190576624,2591.31844361035,599,0
3310,3488,2421.26251882158,2591.4985240116,600,0
3310,3488,2421.03846684841,2591.65493177439,601,0
3328,3428,3126.92899786094,1194.22914181853,601,0
18,3430,3051.12949130709,2830.17456238729,602,0
3310,3488,2421.02823181259,2591.7291918693,602,0
3471,3265,3105.73085852593,2268.51548270993,603,0
3310,3488,2420.90154385767,2590.56441786471,603,0
3310,3488,2421.40293744798,2589.23304361472,604,0
3268,2783,3712.40403744093,2466.32673357321,605,0
3471,3265,3130.77819203165,2251.7654426625,606,0
3471,3265,3131.4395969315,2246.92986865615,607,0
3562,3428,2940.55569749095,1360.52512115957,607,0
3329,3237,3215.73647994664,1896.35742375168,610,0
77,3528,3433.94543311885,2098.30508033231,611,0
3265,3360,3310.21116387392,2103.58941849175,612,1
3265,3360,3315.84315068967,2097.19826417945,613,0
77,3528,3442.52551397706,2104.38818246867,613,0
3265,3528,3382.79022205129,2074.28205599141,613,0
77,3360,3414.55737603591,2125.30840715898,614,0
3265,3360,3354.3338712271,2095.37558246166,614,0
77,3528,3458.14838705217,2092.86192666832,614,0
3462,357,2407.34938873647,2051.59101470997,614,0
77,3528,3429.88797185885,2101.50391684617,615,0
3310,3428,2506.38755333334,1687.00873892775,617,0
3310,3428,2506.74681100942,1687.00370901261,618,0
3471,3528,3089.60212732333,2343.21634261951,619,0
3471,3467,3175.64272656347,2317.03127561248,628,0
3265,3328,3279.11536048385,1262.96327625247,635,0
3235,2783,3700.42858492617,2488.50223129245,635,0
3265,3328,3281.13924850431,1260.82590128622,636,0
3265,3328,3285.48967282186,1255.14618617316,637,0
3265,3328,3287.03345960174,1254.35346092049,638,0
3522,3430,3065.30776303856,2933.39349138584,638,0
3328,3310,3326.26788176132,1142.26801423459,640,0
18,3528,3424.11513589843,2484.75640709844,640,1
3268,3430,3056.9061221191,2928.1751425382,641,0
3433,3467,3662.22715245677,1773.84251128549,641,0
3433,3467,3660.86390687454,1771.65462839083,642,0
3428,357,2421.18601365679,1898.47986548531,642,0
3433,3467,3660.27488189623,1770.47725274765,643,0
3433,3467,3660.36038526585,1770.35782121572,644,1
3235,2783,3698.35996723561,2494.18083134235,644,0
3428,357,2421.16865710065,1896.60549602234,644,0
3433,3467,3662.10566961723,1772.21985108022,645,0
3235,2783,3698.55091246062,2494.89280021419,645,0
3428,357,2421.57164834744,1896.36163814258,645,0
3235,2783,3697.60927565559,2494.7031443618,646,0
3428,357,2420.0038013271,1897.93141857549,646,0
3235,2783,3697.88382174797,2494.71757183692,647,0
3428,357,2417.30735475163,1899.37676537415,647,0
3235,2783,3697.3587043789,2494.94424512888,648,0
3235,2783,3696.2531401185,2493.75987676598,649,0
77,3437,3339.72618286443,2283.94838234858,652,0
3265,3328,3253.33281947291,1260.51723767133,652,0
3235,2783,3696.93034249679,2495.43128307603,652,0
77,3437,3361.31452621713,2332.84559431786,653,0
3265,3328,3253.69673497812,1260.74866710845,653,0
3235,2783,3696.42559055486,2494.19593998398,653,0
3265,3328,3252.46010961468,1259.70471611992,654,0
3235,2783,3697.17226894934,2495.47308101807,654,0
3428,357,2417.87025426464,1942.16034546909,654,0
3265,3328,3252.80956773793,1259.50986089603,655,0
3235,2783,3696.0413236694,2493.59181298943,655,0
3235,2783,3695.94610737486,2495.3179162474,656,0
3235,2783,3695.61892939464,2494.71405640142,657,0
3235,2783,3695.30688274637,2494.08410383494,658,0
3235,2783,3694.88470286179,2493.44123904196,659,0
3265,3328,3242.52460779772,1255.58411615928,660,0
3462,3237,2546.64682598911,2406.15381902924,660,0
18,3528,3396.62120965715,2491.7078441645,660,0
3235,2783,3694.77651048295,2493.76797210987,660,0
3265,3328,3243.29490484809,1255.82445592319,661,0
3235,2783,3695.30961790779,2494.40664014542,661,0
3265,3328,3243.57174288323,1255.84633975565,662,0
3522,3428,2398.22584289369,1835.99899766738,662,0
3265,3328,3243.6249718495,1256.19100142726,663,0
3235,2783,3694.71470898766,2493.70448817732,663,0
3265,3328,3244.05893852426,1256.15286140724,664,0
3235,2783,3694.55651072346,2493.0281018023,664,0
3235,2783,3694.69363046762,2492.69196149567,666,1
3235,2783,3694.88367970173,2492.72482858387,667,0
3235,3360,3642.15304478297,2571.18654371763,668,0
3237,3488,2362.09841319487,2134.42924051513,668,0
18,3528,3382.00089236481,2488.12250311181,668,0
3235,2783,3695.56431046381,2493.95815741775,668,0
3237,3488,2365.52613545203,2131.45703309285,669,0
3237,3488,2367.33744708107,2129.52297983904,670,0
3235,2783,3694.63304272029,2492.90194930805,670,0
3235,2783,3695.34264020621,2494.14663926079,671,0
3437,3430,2997.71749297371,2885.3574515241,672,0
18,3528,3325.18627714573,2483.29354243654,673,0
3235,2783,3695.08696183512,2493.40947673105,673,0
77,3329,3352.29186021715,2203.67249710863,676,0
3265,3428,2231.00171633875,1906.02775054676,677,0
3235,2783,3698.51525588524,2492.1526931927,677,0
3235,2783,3697.32410117559,2492.69476157001,678,0
3235,3310,3667.2419621659,2570.08536897805,679,0
3235,2783,3697.37564001722,2491.75028890401,679,0
18,3528,3338.85744515891,2500.0677858996,680,0
3235,2783,3698.48561175227,2492.17052175489,681,0
18,3528,3339.36111740476,2494.96684070252,682,0
3235,2783,3698.48180894135,2492.06491637697,682,0
3235,2783,3698.11014236412,2490.51938676395,683,0
3235,2783,3698.14566185614,2490.66861623483,684,0
18,3528,3385.70120226916,2450.56820139456,685,0
3235,2783,3698.27407317614,2491.4633121194,685,0
18,3528,3354.05374416913,2452.77424791094,686,0
3235,2783,3699.25906722431,2491.95510149863,686,0
3235,3492,3726.37188972293,2540.19938003667,687,0
18,3528,3360.63723121888,2448.7560823554,687,0
3235,2783,3699.90995680007,2491.3931625949,687,0
18,3528,3359.86783457985,2446.98660395432,688,0
3235,2783,3699.47446786823,2488.61212479933,688,0
3235,3492,3726.66341766899,2547.60157174239,689,0
18,3528,3360.83819070386,2446.31737922313,689,1
3235,2783,3703.94359894511,2491.19435978275,689,0
3235,2783,3704.10126274798,2492.08881110657,690,0
77,3329,3364.09245125533,2185.48246866673,691,0
77,3333,3364.09245125533,2185.48246866673,691,0
3235,2783,3703.16874868817,2492.22851902355,691,0
3235,3437,3693.21788003217,2573.53191427929,692,0
3235,2783,3703.71137971318,2493.45541706092,692,0
77,3329,3367.33348170459,2174.34649385692,693,1
3360,3457,3263.43218568674,2874.59350651768,693,0
3265,3488,2212.45352316436,2360.47054900675,693,0
3235,2783,3702.65040366249,2493.46980982871,693,0
3235,3437,3682.64071918956,2560.40400232328,694,0
3433,3492,3677.64495650937,1740.97760774005,694,0
3265,3488,2210.10475278425,2360.36985806682,694,0
3235,2783,3701.87601210433,2491.57533638676,694,0
3235,3437,3703.12999714149,2524.34769347652,695,0
3310,3457,3676.01687095908,2670.49359700645,695,0
3235,2783,3699.00108120423,2489.86242217076,695,0
77,3329,3354.45674350426,2191.55713319331,696,0
3265,3488,2209.70353446275,2360.74010366266,696,0
77,3329,3392.06741828338,2159.0545006919,697,0
77,3333,3392.06741828338,2159.0545006919,697,0
77,3457,3392.06741828338,2159.0545006919,697,0
3265,3488,2209.36278814735,2360.7559360192,697,0
3265,3488,2209.79360225522,2360.48335265847,698,0
3310,3457,3692.8406113743,2661.09443976137,699,0
3265,3488,2209.88957010181,2360.55787053794,699,0
3310,3457,3673.46328841719,2689.92001470445,700,0
3265,3488,2210.28999921322,2360.39296031526,700,0
3310,3457,3694.7336157103,2683.95103256194,701,0
3265,3488,2210.72165236019,2360.76203124607,701,0
3310,3457,3669.81373234005,2677.50651195953,702,0
3265,3488,2210.89841540563,2360.72922544029,702,0
3265,3488,2210.98695305591,2360.85030962852,703,0
3471,3528,3305.45605743889,2583.68615114966,703,0
18,3528,3336.59717046061,2498.01450395258,703,0
3471,3528,3304.32344041409,2589.96834975753,704,0
3430,2783,3658.80921857179,2281.65714468069,704,0
3471,3528,3302.95042616127,2591.16712765542,705,0
2815,3329,3567.26384949015,1624.78648876149,706,0
2815,3333,3657.76565469687,1647.31710060455,706,0
3471,3528,3302.15405385158,2590.1100182231,706,0
2815,3329,3558.36537112776,1618.15513482225,707,0
3471,3528,3302.66006973921,2591.60661096917,707,0
3471,3528,3302.59693511421,2591.88290581549,708,0
2815,3333,3655.51699625368,1641.03553785607,709,0
3471,3528,3305.09073603156,2594.52471596399,709,0
3471,3528,3304.1983931187,2594.13857346681,710,0
3471,3528,3301.98677911796,2592.33681394801,711,0
3471,3528,3315.16725499064,2601.50802755223,714,0
3522,3467,2693.06453948838,1676.46190522302,717,0
77,3265,3377.29774355956,2146.47884898636,718,1
3522,3467,2709.97929900937,1697.74053729117,718,0
77,3265,3377.16035553178,2145.87380294598,719,1
3522,3467,2691.88555289102,1679.82499122509,719,0
77,3265,3377.15796239989,2146.68483469697,720,0
3522,3467,2691.68623422034,1688.08995036414,720,0
3522,3467,2695.3226932394,1690.33755026017,721,0
3522,3467,2696.78009239062,1691.99209821537,722,0
77,3528,3489.80284468484,2108.69047248697,722,0
3522,3467,2696.85071796289,1692.06589084112,724,0
3265,2783,3351.14992096617,2137.32016101402,724,0
3522,3467,2695.95622597246,1690.23351988933,725,0
3237,3428,2859.35097143493,2190.45447879846,729,0
3237,3428,2859.76282413163,2200.09387418843,730,0
3237,3428,2860.42738177045,2200.94761282898,731,0
3268,3488,2342.61579754355,2076.85246792718,733,0
3235,3437,3610.30339731376,2418.64666578185,735,0
18,3528,3397.36406324139,2398.61867967248,736,0
18,3528,3414.28908117362,2420.03314816544,737,0
18,3528,3416.91825229855,2412.09568293856,738,0
18,3528,3397.20635037459,2418.64465580283,739,0
3235,3360,3736.43757370688,2413.99694123805,742,0
3462,3268,2414.89484964465,1618.48999119756,743,0
3462,3268,2415.9402099013,1622.42501465136,744,0
77,2783,3382.05564248758,2091.82407274322,744,0
3462,3268,2420.37052745235,1620.69608718821,745,0
77,2783,3380.14859329058,2099.80815950074,745,0
3462,3268,2419.74822183511,1620.95291149554,746,0
3462,3268,2420.78544009823,1620.24501808542,747,0
3462,3268,2422.54178153075,1619.58700445662,748,0
77,2783,3382.18629697918,2098.17368557319,748,0
3462,3268,2422.7053679094,1619.17702272246,749,0
3462,3268,2423.09780140808,1618.87114747166,750,0
77,2783,3380.93652715069,2099.06935210386,750,1
3462,3268,2423.06771081785,1619.35659264624,751,0
18,3268,2423.06771081785,1619.35659264624,751,0
3462,3268,2423.19504060589,1619.08812646012,752,0
77,2783,3383.09295649741,2090.23255591275,752,0
3462,3268,2423.59816036033,1618.58988005368,753,0
3462,3268,2423.41379549362,1619.27405583252,754,0
3462,3268,2424.07791535776,1619.25838882684,755,0
3437,18,3664.77341161386,2606.77428350425,756,0
3462,3268,2422.22501752351,1618.04954869058,756,0
3462,3268,2424.66266607979,1618.60090956722,757,0
3462,3268,2425.45211377272,1616.6889274222,758,0
3433,3360,3833.21382957661,1918.94745065651,760,0
3462,3268,2426.05275232181,1616.89060522512,760,0
3433,3360,3844.67160956225,1924.25286770011,761,0
3462,3268,2426.13879735262,1616.85236389205,761,0
3433,3360,3834.76654817291,1912.75377775472,762,0
3462,3268,2426.05186068915,1616.88247352979,762,0
3462,3268,2436.36284728271,1617.09425671395,763,0
77,18,3358.21383739181,2329.37708690951,764,0
3462,3268,2435.87406594304,1617.22138876363,764,0
3328,3310,2511.56972703386,1271.54925757247,764,0
3237,3428,3404.88812202705,1809.71993822418,764,0
3462,3268,2436.31470788844,1616.85741517468,765,0
3237,3428,3404.74643511748,1811.05243741102,765,0
3433,3360,3856.9784529012,1917.33751439973,766,0
3462,3268,2436.43291846157,1617.03589772213,766,0
3433,3360,3862.81289630869,1907.720271864,767,0
3462,3268,2436.5898651343,1617.30141068111,767,0
2815,3237,3611.33704232806,1461.89816388525,767,0
3462,3268,2436.39197038504,1617.28081179614,768,0
3462,3268,2436.60722439076,1616.97324631365,769,0
3462,3268,2436.52912987631,1617.1006358459,770,0
3462,3268,2432.97948687239,1616.16594286192,771,0
3522,3237,2575.00323309847,1420.8557596734,771,1
2815,2783,3589.71602571448,1542.48758625743,777,0
2815,2783,3590.46007072811,1542.51279995173,779,0
2815,2783,3590.51012380157,1542.94263005948,781,0
2815,2783,3590.51220522241,1542.56297790072,782,0
3310,3237,2253.92119931,1824.77954278492,783,0
3328,3522,2486.64250897491,1360.04434003615,788,0
3328,3310,2442.08269509269,1277.8783770944,788,0
77,3528,3500.46098681072,2454.97813249995,788,0
3328,3522,2493.39385102438,1364.43519513961,789,0
3360,3457,2543.06705106274,1253.5371298648,792,0
3265,3467,2248.43634103568,2092.13732037168,792,0
3333,3428,3191.83918594476,1346.16737434349,793,0
3467,3488,2227.14331352825,2100.33438979848,798,0
3265,3522,2482.19996708691,1467.85640360653,799,0
2815,3237,3605.60398735935,1523.76756562717,799,1
3329,3488,2077.74744302375,1963.86276854342,799,1
3333,3488,2077.74744302375,1963.86276854342,799,1
2815,2783,3588.72092884382,1542.69169041352,799,1
3265,3522,2482.73594239617,1466.45022160791,800,0
2815,3237,3612.40805713508,1518.05089207073,800,0
2815,2783,3588.6987195316,1542.75145671729,800,0
3265,3522,2483.58333188481,1467.28679490624,801,0
3265,3522,2487.4586424846,1477.36713304523,802,0
3433,3237,3537.92135701057,1290.32696506955,802,0
2815,2783,3588.11216904409,1540.86803570854,802,0
77,3437,3610.73271221725,2398.41968713748,803,0
3265,3522,2485.48479572391,1468.85537296964,803,0
3433,3237,3538.53553231106,1289.63894045985,803,0
2815,2783,3586.47630380974,1537.21015898433,803,0
3265,3522,2488.80726999693,1477.11090362289,804,0
3268,3310,2313.53669506984,1334.38921649346,804,0
3268,3333,2313.53669506984,1334.38921649346,804,0
3433,3237,3538.1227183441,1290.14016137265,804,0
2815,2783,3587.57539246742,1540.41766077179,804,0
3265,3522,2486.96846412549,1469.72299792543,805,0
3433,3237,3538.66077196739,1289.8755899182,805,0
2815,2783,3586.68808535433,1537.11504121366,805,1
3265,3522,2485.08057452612,1464.15381559114,806,0
3433,3237,3539.91896674113,1288.0522128642,806,0
2815,2783,3586.96451294994,1536.51398723608,806,0
3265,3522,2485.36367573826,1463.13147892915,807,0
2815,2783,3588.13630352221,1539.62876075955,807,1
3265,3522,2484.61147485696,1462.00314915099,808,0
3265,3522,2487.75643453412,1469.85935076767,809,0
2815,2783,3584.13979174441,1539.35316109576,809,0
2815,2783,3583.38608037212,1539.20571311858,811,0
3235,3360,3704.15646374433,2101.5944999759,812,0
3265,3522,2486.53864352953,1456.38351800418,814,1
3457,3237,3241.18132624098,1657.03239677406,814,0
2815,2783,3582.87690559271,1538.2286051159,814,0
3265,3522,2487.91781507537,1455.77056638509,815,0
3265,3522,2491.28835867043,1464.09937092052,816,0
3462,3488,2163.31833618077,2009.93175407688,817,1
3430,3310,3819.50420686883,2165.90315435268,822,1
3235,3437,3897.07580007779,2151.41425217659,823,0
3235,3430,3839.89724285045,2133.08262951499,823,0
3235,3310,3859.77627143795,2176.99776581456,823,0
3430,3310,3813.28052851022,2172.37823273178,823,0
3235,3437,3889.44700732756,2130.15683979747,824,0
3235,3430,3850.15321143936,2110.87739973076,824,0
3235,3437,3891.90665143322,2094.00236219611,825,0
3235,3430,3824.70451054443,2092.11213916092,825,0
77,3428,3554.28646658157,2296.45711007732,826,0
3237,357,2993.1937166617,1742.14934059414,827,0
77,3437,3738.92545899378,2398.65648158721,829,0
77,3437,3739.12324959998,2396.67230194335,830,0
77,3437,3736.68426760587,2396.53769883965,831,0
77,3437,3736.68526639242,2396.15201142838,832,0
77,3437,3735.89340427281,2396.37503868794,833,0
77,3437,3734.81147812452,2396.86368567322,834,0
77,3437,3735.30339344993,2396.35972113739,835,0
77,3437,3734.937871186,2396.64529424206,836,0
3360,3430,3654.12901157717,2071.75290089299,836,0
77,3437,3734.8708723997,2396.7001324693,837,0
3265,3522,2464.7588699991,1379.10973914602,837,0
3360,3430,3663.23340279679,2106.08357470971,837,0
77,3437,3735.12786965205,2396.46518601575,838,0
3360,3430,3673.78126390237,2097.83021461156,838,0
3328,3467,2317.0824585412,1983.75498691925,838,0
77,3437,3734.63103876121,2396.4542911693,839,0
3328,3467,2317.11549246559,1983.59430338412,839,0
77,3437,3734.29278174098,2396.66067505921,840,0
77,3437,3734.53341497038,2396.6942075171,841,0
77,3437,3734.24870635111,2396.679680382,842,0
3310,3488,2110.25754652865,2253.64250139579,842,0
77,3437,3734.37086109649,2396.65468252256,843,0
77,3437,3734.42854532861,2396.5966312057,844,0
77,3437,3734.47170337587,2396.66614674041,845,0
3265,3562,2425.97019070111,1756.72984575445,845,0
77,3437,3734.18436098993,2396.78861342985,846,0
3265,3562,2431.91630079155,1757.21443745233,846,0
77,3437,3732.54037971505,2397.7883907737,847,0
3265,3562,2428.27288493839,1752.83687864102,847,0
3360,3237,3622.10780533573,2100.85694315578,847,0
77,3437,3732.51509196988,2397.53626452179,848,0
3265,3562,2429.01158536197,1753.16773972384,848,0
3328,3428,2370.41421065755,1956.37878750566,848,0
77,3437,3733.39836512588,2397.30422309021,849,0
3265,3562,2429.931158819,1753.42030534727,849,0
3360,3237,3613.59934505104,2107.38218873762,849,1
3328,3428,2350.12265860936,1950.21891927574,849,0
77,3437,3732.91097440152,2397.35013124529,850,0
3360,3237,3608.57968370215,2093.88802608208,850,0
3328,3428,2345.57416404889,1950.63551871669,850,0
77,3437,3733.11038567886,2396.85897898596,851,0
3437,3492,3774.3900137949,2431.71292392132,851,0
3265,3329,2419.36675573231,1699.94748527413,851,0
3328,3428,2343.58316638922,1959.58775394058,851,0
77,3492,3726.29163886801,2420.90058522163,852,0
77,3310,3665.51281788354,2442.64009666897,852,0
3328,3428,2345.10685565226,1961.77178982281,852,0
3437,3492,3783.99480867609,2418.3589499366,853,1
77,3310,3671.05321457698,2444.24959603038,853,0
3265,3329,2431.41068152426,1720.3255042795,853,0
3328,3428,2364.4538211807,1950.112863315,853,0
77,3437,3729.21598404712,2393.51739064251,854,0
77,3310,3674.50390628765,2439.93394901893,854,0
3328,3428,2369.3199348955,1935.19890855379,854,0
3562,3428,2440.29398893339,1890.26047356395,854,0
77,3437,3732.24934214363,2394.90546520601,855,0
77,3310,3670.04480015927,2432.54279552589,855,0
3265,3329,2417.35390975305,1710.90251406285,855,0
3562,3428,2491.045549028,1868.95767140355,855,0
3265,3329,2411.96164731045,1716.20401528821,856,0
3562,3428,2501.09859777627,1866.40852497484,856,0
3333,2783,3211.42839969332,1292.81987579635,856,0
3265,3329,2410.33582786284,1717.31038920799,857,0
3528,2783,3163.98951859325,1327.73162643866,857,0
3265,3329,2403.91862033027,1717.20775728148,858,0
3265,3329,2422.22392141034,1718.78755892409,859,0
3562,3329,2467.89516192994,1743.63021700506,859,0
3265,3333,2422.22392141034,1718.78755892409,859,0
3562,3333,2467.89516192994,1743.63021700506,859,0
77,3310,3671.00102444367,2385.05879334699,860,0
3265,3329,2437.55267294438,1725.62712163041,860,0
3562,3329,2483.56885904674,1749.90970322053,860,0
3265,3329,2434.29401902376,1727.88128942654,862,0
3562,3329,2481.48083803471,1752.42921746789,862,0
3265,3333,2434.29401902376,1727.88128942654,862,0
3562,3333,2481.48083803471,1752.42921746789,862,0
3265,3329,2433.86147785732,1726.8533633341,863,0
3562,3329,2481.1437836235,1751.81332136925,863,0
3265,3333,2433.86147785732,1726.8533633341,863,0
3562,3333,2481.1437836235,1751.81332136925,863,0
3562,3329,2503.31152943666,1767.24623508646,865,0
3562,3329,2500.6838623632,1770.80246584588,866,0
3562,3329,2493.78284930469,1776.39287780978,867,0
3562,3329,2491.24248661191,1777.89737442257,868,0
3562,3329,2491.1604082168,1779.93291282143,869,0
3528,2783,3082.58551179924,1427.91565778665,869,0
3528,2783,3084.52827801432,1423.30758800395,871,0
3235,3430,3825.30996294191,2074.56128888471,874,0
3235,3430,3828.79786459186,2075.18160146877,876,0
18,3528,3051.139416064,1488.78646152319,876,0
3235,3430,3829.05082834107,2075.35132143888,877,0
3430,3310,3757.49305679223,2117.0856752542,877,0
3235,3430,3806.71725016646,2112.38525504619,881,0
3235,3310,3822.50861547527,2026.29013887031,881,0
1,3329,2583.64632738421,1712.73435180545,881,1
3462,3237,2176.47891047765,1519.09089580751,894,0
3328,3237,2161.03520292704,1855.12244217331,897,0
77,3492,3758.92762072738,2395.91185786361,900,0
18,2783,2981.5078476031,1470.42641007483,900,0
18,2783,2949.99205304933,1450.39727775047,901,0
3471,3492,3258.87324299632,2777.68941210506,902,0
3265,3428,2797.70823291885,2006.25072845929,902,0
18,2783,2946.08800560337,1446.34252981075,902,0
3265,3428,2799.14897363109,2006.38729898458,903,0
3433,3310,2653.40328416613,1347.26662857058,904,0
3265,3428,2800.59900481999,2006.64062599056,904,0
18,2783,2963.89495292072,1433.75323251205,908,0
3328,3310,2208.01149770034,1920.26901699423,909,0
18,2783,2964.52034484011,1458.68197829864,909,0
3328,3310,2243.47493325331,2011.3567877875,910,0
18,2783,2976.28185899546,1434.03251958661,910,0
18,2783,2977.87497655002,1482.04445009797,911,0
18,2783,2973.16503204003,1452.29304242648,912,0
18,2783,2972.16395114581,1445.81373724755,913,0
18,2783,2972.07721246029,1442.87958714045,914,0
18,3528,3014.99978704718,1475.76781914921,915,0
18,2783,2972.05280739709,1441.61041988964,915,0
18,3528,3004.83510708217,1465.50476712892,916,0
18,2783,2971.77366191911,1437.92539937479,916,0
18,3528,2997.85393927991,1451.0198207963,919,0
18,2783,2971.63186944809,1431.76965362225,919,0
3462,357,2229.14572719617,1504.23825676003,919,1
3235,3457,3846.00677427791,1943.46399710878,920,0
3462,3467,2196.40160459233,1548.71952953786,920,0
3528,2783,2968.7896844437,1442.62726820685,920,0
3462,3467,2196.34318507819,1548.18806369453,921,0
3562,357,2336.88195424264,1523.9257654938,921,1
3562,3522,2382.475544513,1502.32163226559,922,0
3328,3428,2281.48623017693,1950.61340884646,922,0
3522,357,2360.73049600246,1449.17158274718,922,0
3562,3522,2377.91266854912,1502.94089698129,923,0
3328,3428,2274.03371451633,1942.52043643636,923,0
3562,3522,2370.99196629841,1501.73449538365,924,0
3462,3467,2189.39644692305,1550.42264039719,924,0
3329,3428,2397.71560861611,1770.85085227543,924,0
3235,3457,3885.97019727841,1928.56430366808,925,0
3562,3522,2371.32109013847,1510.97273785947,926,0
3562,3522,2362.01717528704,1513.01361298303,927,0
3562,3522,2356.0929859341,1513.46428001971,929,0
3562,3522,2359.82567773592,1513.87711383974,930,0
3562,3522,2354.37026820542,1512.53885622895,931,0
18,2783,2975.76804732315,1436.76940623863,931,0
18,2783,2973.11078691345,1429.65649202536,932,0
18,2783,2982.30590972056,1407.85185952829,933,0
3562,3462,2343.72661924192,1555.36322670352,935,1
18,2783,3000.6351746248,1438.64238782697,935,0
18,2783,3003.82667684332,1440.65748061491,936,0
3268,3310,2702.44286086851,1647.72586469721,937,1
3235,3333,3843.28449820693,1933.85336068875,937,0
3329,3457,2444.98550683789,1745.6822581068,937,0
18,2783,3011.42169924901,1427.92358735974,937,0
2815,3522,2312.84869478887,1440.3686705714,938,0
3235,3333,3835.65090158651,1927.22916100915,938,0
3488,3428,2185.18780724431,2097.6563227695,938,0
3235,3333,3838.41490119704,1929.32094273535,939,0
18,3528,3055.08308156315,1474.28982453377,939,0
18,2783,3030.97994048025,1430.40556732031,939,1
3235,3333,3846.4326178672,1922.67221087792,940,0
18,3528,3059.4399454287,1469.81530801033,940,0
18,2783,3036.38043785976,1434.14306346378,940,0
3329,3457,2403.82030983606,1791.45285572015,941,0
18,3528,3058.92859823565,1467.5433963695,941,0
18,2783,3036.20102206739,1429.52868143741,941,0
3528,2783,3084.32084235622,1436.46799501253,941,0
18,3528,3050.26640606169,1488.79461226605,942,0
18,2783,3033.67220606963,1434.6288587002,942,0
77,3430,3800.51609715102,2340.71790537433,943,0
18,2783,3030.86530875187,1427.74286166501,943,0
3433,3562,2702.59324395011,1363.35147487713,944,0
77,3430,3785.93246778096,2337.17097705575,944,0
18,3310,3015.38522786611,1488.0647224914,944,0
18,2783,3034.03563299329,1427.39234545424,944,0
18,3528,3039.56000581149,1501.65299830881,945,0
18,2783,3034.45505875824,1431.70950684371,945,0
77,3430,3771.36659910962,2345.07271685945,946,0
3522,3457,2325.87472771382,1440.46501544505,946,0
18,3528,3038.9624272449,1499.46563429387,946,0
18,2783,3035.50476223239,1431.98806193205,946,0
18,3528,3035.68189865456,1503.799202922,947,0
18,2783,3035.01619434601,1432.83694367774,947,0
3433,3492,2678.89328252186,1195.53045819593,948,0
3433,3562,2654.40842446762,1262.19529565136,948,0
18,3528,3024.59962533521,1498.2779571695,948,0
18,2783,3035.15265523547,1434.06989418729,948,0
3433,3492,2673.35673940445,1187.85207689599,949,0
3433,3562,2659.61241179656,1247.92791793238,949,0
77,3430,3785.5440952971,2373.95257116301,950,0
77,3430,3777.91264241094,2400.31052530753,951,0
3433,3492,2678.43550001829,1196.12590992145,952,0
77,3430,3788.12197792763,2416.39701260552,952,0
77,3430,3784.80538739375,2385.94624791805,953,0
3462,3237,3018.68874854931,1065.81154570796,953,0
3237,3467,2990.91004771722,1117.68483834704,953,0
18,3528,3036.83481755778,1488.6261975479,953,0
77,3430,3781.69931356505,2423.71960126963,954,0
18,3528,3034.96532198903,1506.46564616605,954,0
77,3430,3773.65387958664,2424.23670332831,955,0
3235,3310,3886.04149309094,1928.95825886597,955,0
18,3528,3030.668034893,1508.11472200837,955,0
77,3430,3781.94413370851,2391.92148849154,956,0
3522,3488,2197.58982487945,1671.50768787307,956,0
18,3528,3034.01682169008,1495.26181784112,956,0
18,3528,3033.73667266751,1499.76088761345,957,0
3522,3488,2192.55830985037,1681.16832418336,958,0
18,3528,3026.01254056689,1497.40840537816,958,1
3522,3488,2187.68507129685,1679.26257673748,959,0
77,3437,3716.43261115321,2401.97067041319,960,0
3430,3310,3864.55802219942,2260.92330567597,960,0
3522,3488,2191.23732518262,1668.43234591025,960,0
2815,3522,2236.94968037728,1727.24042915802,962,0
77,3310,3758.14868602397,2359.84322471155,962,0
3235,3467,3836.65499057154,1917.62620568757,965,0
3522,3488,2197.11969504935,1699.73271208155,965,1
3522,3488,2194.090888319,1699.09833650479,966,0
3562,3329,2527.9863853998,1518.79300419422,973,0
3235,3265,3882.66520728918,2074.5473756439,974,0
3562,3329,2526.49664299287,1517.44482475407,974,0
3268,3329,2597.04362404605,1526.62963674827,974,0
3562,3329,2527.82909312238,1516.31791731268,975,0
3562,3329,2527.51878154074,1517.96028287258,976,0
18,357,2991.24317864995,1394.07602460359,979,0
3237,3528,3060.88470506616,1759.14338761447,981,0
3237,3528,3060.60560621965,1760.45867752543,982,0
77,3430,3781.75228393586,2396.06502287593,984,0
3265,3237,3007.37112495801,1955.50641629813,985,0
3235,3492,3839.95489073029,2043.42169932338,988,0
77,3430,3769.82373422436,2389.4035144121,988,0
18,357,3027.40075080581,1433.77015303429,989,0
77,3430,3754.97146535448,2374.63631242648,990,0
3522,3237,2315.54155757111,1717.44471307797,994,0
77,3467,3730.54766898762,2373.07120755294,996,0
18,357,3023.85401401175,1434.16511326218,997,0
3433,3471,2742.86371062255,1333.92336421157,998,0
77,3310,3783.95804543785,2406.19814463338,998,0
3328,357,3112.9675522835,1325.07769595479,999,0
3333,3528,3464.06095262138,2171.63797361658,1000,0
3433,18,2924.81364156986,1175.86800891124,1014,0
3522,357,2810.53576774559,1533.04431969425,1015,0
3562,3329,2532.99736312271,1512.29294192163,1022,0
3562,3333,2532.99736312271,1512.29294192163,1022,0
3235,3437,3439.69743845444,2501.4006472516,1023,1
3235,3437,3417.96087236514,2505.40782475124,1024,0
3562,3329,2572.45856304648,1507.25353346957,1024,1
77,3437,3535.33365685553,2688.45424293454,1025,0
3471,3492,2895.33835181094,1342.88122414721,1027,0
3235,3437,3390.61290332343,2513.27762663253,1040,0
3562,357,2772.95015252653,1567.33750430706,1040,1
18,3329,2548.67764200765,1574.62086609681,1042,0
3328,3428,3390.13066076705,1334.55766236593,1046,0
3328,3428,3383.21789359155,1328.47821514935,1047,0
3328,3428,3380.05934857942,1324.14063730318,1048,0
3328,3428,3381.09553898832,1327.29507364429,1049,0
3428,3528,3491.42782975472,1635.5558457028,1055,0
18,3329,2508.36299602892,1587.8997549686,1056,0
3310,3237,2196.99421220628,2293.43928883605,1060,0
3310,3237,2196.8858222045,2294.06469681467,1061,0
3310,3237,2196.86067172227,2293.92782814235,1062,0
1,3329,2580.25993909834,1744.484356817,1063,0
1,3333,2580.25993909834,1744.484356817,1063,0
3310,3237,2196.53291536515,2294.38688021628,1063,0
3235,3528,3420.45750622727,2503.65026874146,1063,0
3333,3457,3807.24044225038,2299.50358088997,1064,0
3310,3237,2195.92991654299,2294.686142002,1064,0
3235,3528,3417.11819680016,2512.81667464588,1064,0
3433,3492,3068.16692390751,1093.47152329467,1065,0
1,3329,2580.35332827832,1744.54368986526,1065,0
1,3457,2580.35332827832,1744.54368986526,1065,0
3310,3237,2195.766688846,2296.03886669313,1065,0
1,3329,2579.92628477324,1744.46806930297,1067,0
3522,3329,2579.92628477324,1744.46806930297,1067,0
3562,3268,2766.18810221359,1369.88407867855,1068,0
3562,3268,2766.69343054318,1369.74008674607,1069,0
3562,3522,2766.69343054318,1369.74008674607,1069,0
3522,3467,2571.39996887634,2242.72794241074,1070,0
3562,3268,2765.05196507251,1369.9016772718,1071,0
3522,3467,2571.25733642059,2242.33065891793,1071,0
3235,3265,3427.69003831732,2490.3985585535,1072,0
3433,3462,3068.60622432628,1093.97079871227,1072,0
3562,3268,2761.22237043372,1361.26123784502,1072,0
3235,3265,3407.52285582584,2504.8454098578,1073,1
3235,3528,3486.66329571478,2589.22087455599,1075,0
3433,3462,3088.07861360701,1103.4625832996,1076,0
3562,3268,2750.03074327269,1356.99050081461,1076,0
3310,3237,2198.46059800653,2299.73224120223,1076,0
3522,3467,2573.29472113755,2244.4275877214,1076,0
3235,3528,3473.88343073679,2610.0233213445,1076,0
3235,3528,3468.10680553816,2612.71936115172,1077,0
3360,3528,3474.19715143514,2701.21593696323,1077,0
3310,3237,2196.8505641199,2297.46079237717,1078,0
3235,3528,3467.39903215382,2611.8895199757,1078,0
3360,3528,3473.50012992129,2699.9353576243,1078,0
1,3329,2580.28448053838,1745.03042016333,1079,1
3310,3237,2196.94279526485,2297.4384077813,1079,0
3235,3528,3467.43862390958,2612.75193315162,1079,0
3310,3237,2196.98405873529,2297.85959583703,1080,0
3235,3528,3467.24530999022,2612.24201288841,1080,0
3310,3237,2196.67766162602,2298.38916659295,1081,0
3235,3528,3466.92607877908,2612.87344625353,1081,0
3310,3237,2197.48869956937,2297.27931735058,1082,0
3235,3528,3467.06360075501,2613.72007546353,1082,0
3310,3237,2197.35515993692,2297.47423023173,1083,0
3235,3528,3467.03562113216,2613.31619869384,1083,0
3433,3462,3080.93165482209,1128.66041877445,1084,0
3310,3237,2197.03724030063,2297.99947940473,1084,0
3235,3528,3509.86282637676,2626.15733195414,1084,0
3310,3237,2197.2558460196,2297.82503723763,1085,0
3235,3528,3510.04247498657,2626.36596295289,1085,0
3360,3528,3474.45637954037,2700.98487410607,1085,0
3310,3237,2196.75830054135,2297.21709187623,1086,0
3235,3528,3468.04335273172,2612.05070413162,1086,0
3360,3528,3475.28543144164,2699.88541545996,1086,0
3310,3237,2197.24670999287,2296.85875723494,1087,0
3235,3528,3472.11878283497,2610.36874714319,1087,0
3310,3237,2196.70674849141,2297.66654060996,1088,0
3522,3467,2571.4828514212,2246.12708929279,1088,0
3235,3528,3514.85044916712,2624.19985330498,1088,0
3360,3528,3479.55721053855,2698.99763109181,1088,0
3310,3237,2197.11048809332,2297.16372164473,1089,0
3522,3467,2569.23348759196,2245.97571655654,1089,0
3235,3528,3514.66223974135,2624.51089669817,1089,0
3360,3528,3479.70900456074,2699.53700349977,1089,0
3310,3237,2196.7642418396,2297.51865527597,1090,0
3235,3528,3514.89774373461,2624.20421583226,1090,0
3360,3528,3479.59252437469,2699.51559472151,1090,0
3310,3237,2196.56122744527,2297.95087043808,1091,0
3235,3528,3515.02150010706,2623.57113141968,1091,0
3310,3237,2196.20437627309,2298.4566776955,1092,0
3235,3528,3515.02218447185,2623.47910680662,1092,0
3310,3237,2175.50133299363,2308.75344036642,1093,0
3235,3528,3515.16978206506,2623.48642677792,1093,0
3310,3237,2175.13939010919,2309.73473970649,1094,0
3235,3528,3514.73334752023,2623.82804875765,1094,0
3310,3237,2197.61794320644,2300.73730272358,1095,0
3310,3237,2197.5434949807,2300.42346574222,1096,0
3310,3237,2197.15556739488,2300.7600372504,1097,0
3310,3237,2197.78924222713,2300.12531448864,1098,0
3310,3237,2197.69750491337,2300.20023170693,1099,0
3310,3237,2197.43670282351,2300.5141561707,1100,0
3522,3467,2568.08245785392,2246.97397578973,1100,0
3471,3492,3593.8616711592,2010.70564184419,1101,0
3310,3237,2197.76892866031,2300.26844425925,1101,0
3310,3237,2197.80446818361,2300.27135805768,1102,0
3310,3237,2197.57236994682,2300.37573817845,1103,0
3310,3237,2197.60150360522,2300.51268431146,1104,0
3471,3430,3579.3981762532,2004.30511338159,1105,0
3310,3237,2197.78454751342,2300.26113685263,1105,0
3471,3430,3589.25889827977,2024.74067578311,1106,0
3310,3237,2197.27622939785,2300.46302928062,1106,0
3310,3237,2197.1643292569,2300.67200104197,1107,0
3310,3237,2197.7671235306,2299.74050829684,1108,0
3310,3237,2196.96652913148,2300.73514037557,1109,0
3310,3237,2197.13903865357,2300.78099164176,1110,0
3522,3467,2570.56019824864,2246.4866555899,1110,0
3310,3237,2197.40548879486,2300.41626319937,1111,0
3433,3492,2976.45484019908,1135.87650835008,1114,0
3471,3492,3584.56036970383,1989.69615239122,1119,0
